Date,adjusted_seroprevalence_NorthEastAndYorkshireAndHumber,sero_lower_NorthEastAndYorkshireAndHumber,sero_upper_NorthEastAndYorkshireAndHumber,newCasesBySpecimenDateNorthEast,newDailyNsoDeathsByDeathDateNorthEast,uniqueCasePositivityBySpecimenDateRollingSumNorthEast,uniquePeopleTestedBySpecimenDateRollingSumNorthEast,newCasesBySpecimenDateYorkshireAndHumber,uniqueCasePositivityBySpecimenDateRollingSumYorkshireAndHumber,uniquePeopleTestedBySpecimenDateRollingSumYorkshireAndHumber,newDailyNsoDeathsByDeathDateYorkshireAndHumber,newAdmissionsHospitalNorthEastAndYorkshire,hospitalCasesNorthEastAndYorkshire
2020/1/1,,,,,,,,,,,,,
2020/1/2,,,,,,,,,,,,,
2020/1/3,,,,,,,,,,,,,
2020/1/4,,,,,,,,,,,,,
2020/1/5,,,,,,,,,,,,,
2020/1/6,,,,,,,,,,,,,
2020/1/7,,,,,,,,,,,,,
2020/1/8,,,,,,,,,,,,,
2020/1/9,,,,,,,,,,,,,
2020/1/10,,,,,,,,,,,,,
2020/1/11,,,,,,,,,,,,,
2020/1/12,,,,,,,,,,,,,
2020/1/13,,,,,,,,,,,,,
2020/1/14,,,,,,,,,,,,,
2020/1/15,,,,,,,,,,,,,
2020/1/16,,,,,,,,,,,,,
2020/1/17,,,,,,,,,,,,,
2020/1/18,,,,,,,,,,,,,
2020/1/19,,,,,,,,,,,,,
2020/1/20,,,,,,,,,,,,,
2020/1/21,,,,,,,,,,,,,
2020/1/22,,,,,,,,,,,,,
2020/1/23,,,,,,,,,,,,,
2020/1/24,,,,,,,,,,,,,
2020/1/25,,,,,,,,,,,,,
2020/1/26,,,,,,,,,,,,,
2020/1/27,,,,,,,,,,,,,
2020/1/28,,,,,,,,,,,,,
2020/1/29,,,,,,,,,,,,,
2020/1/30,,,,,0,,,1,,,0,,
2020/1/31,,,,,0,,,0,,,0,,
2020/2/1,,,,,0,,,0,,,0,,
2020/2/2,,,,,0,,,0,,,0,,
2020/2/3,,,,,0,,,0,,,0,,
2020/2/4,,,,,0,,,0,,,0,,
2020/2/5,,,,,0,,,0,,,0,,
2020/2/6,,,,,0,,,0,,,0,,
2020/2/7,,,,,0,,,0,,,0,,
2020/2/8,,,,,0,0,11,0,6.7,15,0,,
2020/2/9,,,,,0,0,13,0,6.7,15,0,,
2020/2/10,,,,,0,0,28,0,0,29,0,,
2020/2/11,,,,,0,0,41,0,0,64,0,,
2020/2/12,,,,,0,0,73,0,0,83,0,,
2020/2/13,,,,,0,0,89,0,0,103,0,,
2020/2/14,,,,,0,0,99,0,0,110,0,,
2020/2/15,,,,,0,0,102,0,0,120,0,,
2020/2/16,,,,,0,0,101,0,0,117,0,,
2020/2/17,,,,,0,0,90,0,0,110,0,,
2020/2/18,,,,,0,0,67,0,0,84,0,,
2020/2/19,,,,,0,0,57,0,0,81,0,,
2020/2/20,,,,,0,0,43,0,0,107,0,,
2020/2/21,,,,,0,0,45,0,0,110,0,,
2020/2/22,,,,,0,0,43,0,0,113,0,,
2020/2/23,,,,,0,0,42,0,0,116,0,,
2020/2/24,,,,,0,0,36,0,0,113,0,,
2020/2/25,,,,,0,0,39,0,0,126,0,,
2020/2/26,,,,,0,0,76,0,0,187,0,,
2020/2/27,,,,,0,0,142,1,0.4,232,0,,
2020/2/28,,,,,0,0,197,2,0.8,372,0,,
2020/2/29,,,,,0,0,221,0,0.7,413,0,,
2020/3/1,,,,,0,0,234,2,1.1,451,0,,
2020/3/2,,,,1,0,0,256,3,1.7,524,0,,
2020/3/3,,,,0,0,0.3,291,5,2.2,550,0,,
2020/3/4,,,,1,0,0.7,297,2,2.5,551,0,,
2020/3/5,,,,2,0,0.7,273,1,3.1,516,0,,
2020/3/6,,,,1,0,1.6,246,1,4,425,0,,
2020/3/7,,,,2,0,2.1,241,5,4.4,434,0,,
2020/3/8,,,,0,0,2.5,238,3,4.4,430,0,,
2020/3/9,,,,3,0,3.1,254,8,5.6,392,0,,
2020/3/10,,,,4,0,5,261,18,7.5,412,0,,
2020/3/11,,,,1,0,4.6,306,10,6.7,563,0,,
2020/3/12,,,,2,0,3.9,409,14,7.4,741,0,,
2020/3/13,,,,6,0,3.5,547,12,6.6,943,0,,
2020/3/14,,,,6,0,3.7,625,12,5.5,1245,0,,
2020/3/15,,,,10,1,4.1,774,9,5,1452,2,,
2020/3/16,,,,7,0,4.1,927,28,4.8,1723,2,,
2020/3/17,,,,16,0,4.3,1125,31,4.4,2046,2,,
2020/3/18,,,,14,0,4.3,1336,47,5.4,2195,2,,
2020/3/19,,,,19,0,5,1504,55,5.6,2424,1,48,
2020/3/20,,,,26,3,5.8,1683,60,6.9,2618,2,43,82
2020/3/21,,,,23,3,6.4,1822,77,8.6,2782,2,73,124
2020/3/22,,,,20,6,7,1859,94,9.7,2960,2,69,158
2020/3/23,,,,58,4,8.7,2069,144,11.6,3189,6,107,190
2020/3/24,,,,76,2,10.5,2321,157,14.1,3399,7,167,229
2020/3/25,,,,76,6,12.5,2447,151,16.4,3661,8,160,312
2020/3/26,,,,97,8,15.2,2515,178,19,3991,16,196,434
2020/3/27,,,,102,13,17.6,2608,153,20.8,4261,20,240,552
2020/3/28,,,,113,11,19.9,2750,206,22.1,4510,25,258,701
2020/3/29,,,,107,9,21.4,2963,228,23.6,4709,32,254,826
2020/3/30,,,,176,36,23.6,3181,285,26.2,4910,32,340,995
2020/3/31,,,,211,30,26.8,3289,319,27.7,5084,42,303,1124
2020/4/1,,,,307,36,29.6,3747,316,29.9,5214,42,507,1293
2020/4/2,,,,219,41,31,3995,243,31,5471,55,423,1378
2020/4/3,,,,260,56,32.7,4269,274,32.3,5731,65,373,1841
2020/4/4,,,,254,47,33.6,4587,202,33.1,5728,75,294,2095
2020/4/5,,,,222,51,34.8,4762,216,33.5,5803,68,365,2303
2020/4/6,,,,375,58,36.5,5112,321,34.8,5770,72,404,2129
2020/4/7,,,,350,54,37.3,5479,337,36.6,5793,83,446,2209
2020/4/8,,,,289,59,37.8,5250,318,37,5808,102,327,2413
2020/4/9,,,,314,63,37.3,5583,304,36.2,5849,100,336,2661
2020/4/10,,,,245,79,37.2,5568,299,35.7,5840,103,319,2403
2020/4/11,,,,266,73,37.4,5563,260,35.2,6004,77,290,2520
2020/4/12,,,,201,63,36.8,5618,268,35.1,6209,91,309,2541
2020/4/13,,,,232,51,35.8,5400,326,34.4,6117,86,305,2577
2020/4/14,,,,256,67,34.8,5345,314,32.9,6075,93,306,2545
2020/4/15,,,,282,46,32.9,5600,474,32.6,6321,109,254,2500
2020/4/16,,,,293,47,32.3,5512,373,31.5,6682,121,275,2454
2020/4/17,,,,292,59,31.7,5666,351,30.9,7098,116,236,2303
2020/4/18,,,,374,69,31,5956,365,30,7503,95,231,2327
2020/4/19,0.042,0.03,0.062,274,58,30.6,6041,417,29.2,7843,101,267,2309
2020/4/20,,,,312,52,30,6367,400,28.9,8324,101,278,2216
2020/4/21,,,,287,49,29.4,6564,349,28.1,8721,98,253,2322
2020/4/22,,,,361,53,29,6889,563,27.2,9539,108,247,2236
2020/4/23,,,,332,50,28.7,7103,450,26.8,10165,92,227,2186
2020/4/24,,,,332,37,26.4,7867,591,26.7,10909,98,223,2132
2020/4/25,,,,214,62,25.6,7623,414,25.8,11263,79,198,2123
2020/4/26,,,,159,48,24.3,7701,423,24.9,11485,81,249,2061
2020/4/27,,,,280,39,22.2,8471,510,22.7,13348,91,259,2104
2020/4/28,,,,358,50,18.7,10555,489,20.3,15854,79,226,2070
2020/4/29,,,,354,36,16.5,12190,714,16.4,20596,102,230,2036
2020/4/30,,,,385,47,15,14083,576,12.8,27568,81,192,1985
2020/5/1,,,,273,52,13.4,15844,620,10.9,33250,77,157,1989
2020/5/2,,,,183,55,12.2,17456,384,10.2,36697,68,172,1965
2020/5/3,,,,161,43,11.5,18874,384,9.6,40017,62,180,1945
2020/5/4,,,,233,34,11.1,19138,351,9.1,40016,74,180,1928
2020/5/5,,,,252,36,10.9,18563,441,8.8,41147,61,146,1863
2020/5/6,,,,241,36,10.5,18286,413,8.7,38420,65,152,1787
2020/5/7,,,,199,46,9.6,18454,458,9,36964,69,171,1703
2020/5/8,,,,158,36,9.5,17336,352,8.8,34968,64,104,1623
2020/5/9,,,,151,30,9.6,16748,245,8.6,33929,61,145,1593
2020/5/10,,,,147,27,9.5,17003,297,8.6,33626,58,139,1512
2020/5/11,,,,228,25,8.7,18244,426,8.2,36438,40,148,1607
2020/5/12,,,,218,23,8.2,19026,375,7.7,37761,39,155,1551
2020/5/13,,,,141,32,7.5,19407,405,7.3,40095,49,156,1520
2020/5/14,,,,138,31,7.1,19612,355,6.8,40161,43,127,1444
2020/5/15,,,,137,25,6.6,20743,337,6.7,40952,51,109,1464
2020/5/16,,,,126,35,6.2,21536,259,6.4,43933,45,95,1348
2020/5/17,0.071,0.053,0.093,98,33,6,21283,244,6.2,44499,35,95,1327
2020/5/18,,,,146,38,5.8,21126,261,6,44129,35,101,1336
2020/5/19,,,,121,22,5.3,21412,388,5.7,45648,40,99,1306
2020/5/20,,,,131,20,5.1,21827,295,5.4,46621,37,106,1229
2020/5/21,,,,129,27,5,21972,383,5.3,48523,35,123,1144
2020/5/22,,,,95,19,5,21402,267,5.1,49050,37,85,1113
2020/5/23,,,,76,20,4.7,21276,235,5.1,48728,28,97,1057
2020/5/24,,,,77,18,4.7,21310,205,5,49021,36,85,1051
2020/5/25,,,,59,13,4.3,20649,254,5,47924,38,67,1080
2020/5/26,,,,100,26,4.4,20183,231,4.9,46453,26,85,1064
2020/5/27,,,,116,18,4.4,20043,254,4.8,46609,35,82,1017
2020/5/28,,,,49,18,4.1,19165,274,4.7,46063,32,74,991
2020/5/29,,,,70,25,4,18916,199,4.5,45541,27,71,951
2020/5/30,,,,46,14,4,18215,164,4.4,44792,31,75,910
2020/5/31,,,,46,12,3.9,17962,177,4.4,43951,26,78,917
2020/6/1,,,,70,11,3.7,19175,191,4.2,44808,30,71,916
2020/6/2,,,,59,20,3.5,19502,197,4.1,44849,31,70,902
2020/6/3,,,,51,12,3.2,19108,206,4.1,43528,25,53,863
2020/6/4,,,,59,9,3,19861,179,4,42226,21,52,811
2020/6/5,,,,42,15,2.9,20076,155,3.9,42073,22,69,751
2020/6/6,,,,28,5,2.8,20267,121,3.8,42556,21,46,734
2020/6/7,,,,17,11,2.6,20193,149,3.6,42818,15,39,732
2020/6/8,,,,33,9,2.3,19780,188,3.5,43077,19,52,741
2020/6/9,,,,40,10,2.1,20074,173,3.5,43135,19,61,718
2020/6/10,,,,37,8,1.9,20259,226,3.5,43435,21,58,707
2020/6/11,,,,23,7,1.8,19771,197,3.4,43295,18,45,617
2020/6/12,,,,40,6,1.7,19572,246,3.5,43591,17,45,661
2020/6/13,,,,31,4,1.8,19166,193,3.7,43656,14,37,618
2020/6/14,0.063,0.045,0.085,30,6,1.9,18860,159,3.8,43347,18,43,604
2020/6/15,,,,32,2,1.9,18154,189,3.9,42827,14,49,609
2020/6/16,,,,18,7,1.8,17205,216,3.9,42997,9,62,601
2020/6/17,,,,19,2,1.7,16680,230,3.9,42807,12,54,561
2020/6/18,,,,23,6,1.7,16153,258,4.1,43381,11,52,549
2020/6/19,,,,14,1,1.5,15811,203,4,43274,4,33,526
2020/6/20,,,,17,3,1.4,15873,163,3.9,42937,11,30,500
2020/6/21,,,,4,5,1.2,15551,116,3.8,42705,8,23,501
2020/6/22,,,,24,5,1.2,15617,156,3.7,42772,9,58,520
2020/6/23,,,,26,3,1.2,16356,172,3.6,42758,10,44,497
2020/6/24,,,,11,3,1.1,16682,156,3.5,42554,19,30,488
2020/6/25,,,,12,6,1.1,16126,143,3.4,41531,7,36,457
2020/6/26,,,,8,5,1.1,16537,152,3.3,41598,9,35,422
2020/6/27,,,,13,3,1,16766,149,3.2,41944,7,32,436
2020/6/28,,,,9,6,1,17353,97,3.1,42970,6,28,451
2020/6/29,,,,11,2,0.8,17964,133,3,43864,5,24,667
2020/6/30,,,,11,1,0.7,17746,112,2.8,44485,15,33,412
2020/7/1,,,,7,2,0.7,18009,131,2.6,45289,5,28,381
2020/7/2,,,,9,1,0.6,19321,104,2.5,46913,9,30,382
2020/7/3,,,,8,2,0.6,19594,106,2.3,47828,7,26,368
2020/7/4,,,,9,0,0.6,19483,77,2.1,48512,8,22,365
2020/7/5,,,,4,2,0.5,19247,90,2.1,48010,7,16,336
2020/7/6,,,,10,1,0.5,19214,120,2.1,47512,4,26,332
2020/7/7,,,,12,1,0.5,19086,103,2,50029,5,34,329
2020/7/8,,,,12,1,0.5,19777,126,1.8,52554,7,26,313
2020/7/9,,,,17,1,0.5,20516,97,1.8,53875,1,22,313
2020/7/10,,,,10,3,0.5,20878,92,1.7,54156,6,22,305
2020/7/11,,,,7,0,0.5,21041,85,1.7,54837,2,21,306
2020/7/12,0.047,0.031,0.066,3,2,0.5,20921,98,1.7,55706,5,13,303
2020/7/13,,,,9,1,0.5,21191,136,1.6,58343,5,27,289
2020/7/14,,,,12,2,0.4,22145,133,1.6,61364,5,25,272
2020/7/15,,,,16,0,0.5,23676,119,1.5,64512,5,20,257
2020/7/16,,,,15,0,0.5,22999,86,1.4,65733,1,19,255
2020/7/17,,,,10,0,0.5,22774,100,1.4,66231,1,15,237
2020/7/18,,,,4,1,0.5,22964,97,1.4,66760,6,5,250
2020/7/19,,,,7,1,0.5,23047,101,1.4,66895,2,20,245
2020/7/20,,,,11,1,0.5,22462,115,1.5,64122,3,6,209
2020/7/21,,,,14,0,0.5,21539,100,1.5,60852,4,6,166
2020/7/22,,,,16,1,0.5,20376,103,1.5,57093,6,9,167
2020/7/23,,,,9,1,0.5,20522,106,1.6,56113,4,8,171
2020/7/24,,,,7,0,0.5,20471,108,1.6,56074,4,15,136
2020/7/25,,,,5,0,0.5,20324,88,1.6,56133,4,9,172
2020/7/26,,,,6,0,0.5,20348,91,1.6,56008,4,11,126
2020/7/27,,,,9,0,0.5,20548,143,1.7,56753,3,15,128
2020/7/28,,,,5,1,0.4,20731,150,1.7,59202,3,8,127
2020/7/29,,,,21,1,0.4,20940,163,1.7,62818,2,6,127
2020/7/30,,,,15,0,0.4,21646,140,1.7,66017,1,16,122
2020/7/31,,,,12,1,0.4,22283,99,1.6,67433,1,11,117
2020/8/1,,,,9,0,0.4,22847,81,1.6,68323,5,9,117
2020/8/2,,,,16,0,0.5,23315,85,1.6,69212,1,14,120
2020/8/3,,,,19,2,0.5,24018,143,1.5,70328,2,25,115
2020/8/4,,,,20,0,0.5,25871,146,1.5,72377,2,16,123
2020/8/5,,,,30,0,0.5,27832,157,1.4,74663,1,6,128
2020/8/6,,,,24,0,0.5,28833,177,1.4,76693,3,15,132
2020/8/7,,,,15,0,0.6,29409,120,1.5,78284,0,11,111
2020/8/8,,,,12,0,0.6,29336,104,1.5,78243,0,8,117
2020/8/9,0.05,0.033,0.069,15,2,0.6,29155,97,1.5,78215,4,14,117
2020/8/10,,,,21,2,0.6,29173,221,1.6,77948,3,10,121
2020/8/11,,,,45,1,0.7,29819,185,1.7,78179,2,14,114
2020/8/12,,,,39,0,0.7,31253,171,1.7,78108,1,13,108
2020/8/13,,,,53,0,0.7,32664,179,1.6,79163,1,6,114
2020/8/14,,,,31,0,0.7,35515,161,1.6,81617,0,8,108
2020/8/15,,,,18,1,0.7,36617,108,1.6,82429,2,8,102
2020/8/16,,,,11,0,0.7,37141,79,1.6,82638,1,7,102
2020/8/17,,,,32,2,0.7,38435,126,1.5,82897,4,8,99
2020/8/18,,,,36,1,0.6,38352,122,1.4,83407,1,10,90
2020/8/19,,,,46,1,0.7,38699,140,1.3,85400,1,5,88
2020/8/20,,,,43,0,0.6,40060,165,1.3,86547,4,10,82
2020/8/21,,,,42,0,0.7,40037,129,1.3,87135,3,10,82
2020/8/22,,,,33,0,0.7,40478,89,1.3,88070,2,4,154
2020/8/23,,,,23,1,0.7,41105,93,1.3,88303,3,7,82
2020/8/24,,,,39,0,0.8,40947,150,1.3,87914,2,8,83
2020/8/25,,,,49,0,0.8,40674,135,1.3,87788,2,12,79
2020/8/26,,,,68,0,0.8,41385,119,1.3,86713,2,12,79
2020/8/27,,,,66,1,0.9,41057,192,1.3,86904,2,11,83
2020/8/28,,,,67,1,0.9,41142,161,1.3,85254,1,7,80
2020/8/29,,,,78,2,1.1,41113,170,1.4,85195,2,7,84
2020/8/30,,,,61,0,1.1,41939,143,1.5,85463,0,9,82
2020/8/31,,,,91,0,1.3,40330,192,1.7,79086,1,11,82
2020/9/1,,,,117,0,1.5,41624,263,1.8,79013,2,14,81
2020/9/2,,,,127,0,1.5,44350,373,2,83649,4,9,84
2020/9/3,,,,204,1,1.7,46599,335,2.1,86799,0,10,86
2020/9/4,,,,175,0,1.9,48944,302,2.2,92035,1,13,89
2020/9/5,,,,233,1,2.2,51100,312,2.3,94861,4,9,89
2020/9/6,0.039,0.024,0.057,170,1,2.3,52685,305,2.4,96607,3,10,90
2020/9/7,,,,203,1,2.2,58355,525,2.5,104346,1,17,100
2020/9/8,,,,223,0,2.3,61724,380,2.6,106250,3,25,84
2020/9/9,,,,234,0,2.4,63746,393,2.6,106679,3,34,92
2020/9/10,,,,236,0,2.4,66533,461,2.7,109207,2,29,95
2020/9/11,,,,199,2,2.4,68124,384,2.7,110365,3,30,117
2020/9/12,,,,155,1,2.3,67777,313,2.7,110550,3,32,130
2020/9/13,,,,141,1,2.3,66419,297,2.7,109554,4,29,143
2020/9/14,,,,196,0,2.3,63621,386,2.6,106250,3,38,155
2020/9/15,,,,263,1,2.5,61004,419,2.6,107161,3,49,155
2020/9/16,,,,329,2,2.7,60156,544,2.7,109838,2,41,188
2020/9/17,,,,370,5,2.9,59601,569,2.8,111400,3,59,208
2020/9/18,,,,463,3,3.3,61251,557,2.9,113480,3,64,214
2020/9/19,,,,434,1,3.6,62832,559,3.1,115296,3,50,226
2020/9/20,,,,589,3,4.2,65776,666,3.3,119577,7,67,254
2020/9/21,,,,611,3,4.6,68623,615,3.4,120400,5,80,285
2020/9/22,,,,548,1,5,69042,715,3.7,121838,4,58,303
2020/9/23,,,,640,4,5.3,70885,728,3.8,122899,4,89,313
2020/9/24,,,,719,1,5.8,72484,922,4,125920,5,65,337
2020/9/25,,,,607,5,6,71698,801,4.1,127337,4,64,379
2020/9/26,,,,778,5,6.5,72341,822,4.3,127641,6,68,393
2020/9/27,,,,659,13,6.7,71138,1022,4.7,126903,5,72,420
2020/9/28,,,,969,6,7.3,71178,1448,5.3,129038,2,82,444
2020/9/29,,,,1045,5,7.8,72676,1381,5.8,129046,5,104,429
2020/9/30,,,,963,3,8.2,73033,1786,6.5,131611,4,94,474
2020/10/1,,,,1181,5,8.6,75575,2132,7.3,134788,6,88,502
2020/10/2,,,,1218,18,9.1,78852,2202,8,139637,8,100,544
2020/10/3,,,,1160,7,9.5,80045,1656,8.4,143832,7,117,584
2020/10/4,,,,1196,11,10,81386,1677,8.7,145881,6,126,586
2020/10/5,,,,1372,6,10.6,80903,2266,9.3,145035,10,123,673
2020/10/6,,,,1442,10,11,81079,2414,9.8,149494,10,161,741
2020/10/7,,,,1472,10,11.4,83109,2658,10,154452,16,140,790
2020/10/8,,,,1375,14,11.5,83794,2426,10.1,157813,10,125,836
2020/10/9,,,,1176,10,11.4,84219,1867,9.9,156807,13,146,804
2020/10/10,,,,841,15,11.2,83124,1917,10.1,157140,15,145,874
2020/10/11,,,,931,16,11.1,82025,1622,10.2,155852,13,180,940
2020/10/12,,,,1385,12,11.3,80929,2745,10.5,155916,15,173,1025
2020/10/13,,,,1292,13,11.4,78997,2530,10.7,154741,11,183,1054
2020/10/14,,,,1387,16,11.4,78723,2773,10.7,155772,16,167,1092
2020/10/15,,,,1168,16,11.2,78689,2484,10.8,155659,14,184,1147
2020/10/16,,,,1080,15,11.1,78680,2432,11.1,157653,20,159,1169
2020/10/17,,,,808,15,11.1,78172,2366,11.3,158874,33,210,1200
2020/10/18,,,,826,14,11.1,77400,2219,11.5,159942,20,219,1269
2020/10/19,,,,1409,20,11.3,76466,3828,12.1,160738,33,222,1362
2020/10/20,,,,1432,19,11.5,76211,3565,12.6,163085,36,274,1436
2020/10/21,,,,1506,19,11.7,76031,3491,13,165014,40,271,1496
2020/10/22,,,,1227,21,11.8,75970,3300,13.2,167573,25,242,1574
2020/10/23,,,,1039,15,11.8,75517,2975,13.4,169381,33,254,1638
2020/10/24,,,,861,14,11.8,75821,2248,13.4,169370,31,277,1730
2020/10/25,,,,848,17,11.8,76023,2150,13.4,168424,34,320,1851
2020/10/26,,,,1319,22,11.8,74968,3850,13.9,163340,38,323,2004
2020/10/27,,,,1173,19,11.8,72330,3580,14.3,159344,42,301,2116
2020/10/28,,,,1169,25,11.6,71361,3580,14.7,157006,34,357,2204
2020/10/29,,,,1122,18,11.6,70197,3459,14.9,156102,39,337,2216
2020/10/30,,,,1207,25,11.8,70667,3464,15.2,157566,49,262,2299
2020/10/31,,,,884,19,11.8,70857,2627,15.3,158865,54,325,2482
2020/11/1,,,,993,26,12,71122,2820,15.5,161403,47,348,2209
2020/11/2,,,,1672,16,12.5,71570,4667,16,162105,45,362,2624
2020/11/3,,,,1518,18,12.7,72535,3948,16,164562,73,362,2721
2020/11/4,,,,1413,23,12.7,74506,3504,15.8,167000,46,351,2732
2020/11/5,,,,1483,22,12.7,77698,3586,15.4,171293,57,345,2802
2020/11/6,,,,1460,27,12.6,80708,3633,15.3,174005,74,324,2798
2020/11/7,,,,1345,31,12.9,82540,2832,15.2,177098,78,337,3012
2020/11/8,,,,1293,20,13.1,83694,2892,15.1,177583,68,360,2934
2020/11/9,,,,2057,33,13.4,84554,4492,15.1,177297,93,407,3057
2020/11/10,,,,1780,23,13.7,84936,3773,15,177190,67,464,2946
2020/11/11,,,,1859,21,13.9,86860,3705,15,178855,64,440,3141
2020/11/12,,,,1535,21,13.8,87326,3199,14.7,179963,73,362,3228
2020/11/13,,,,1520,28,13.7,88391,3076,14.5,178821,64,381,3268
2020/11/14,,,,1051,36,13.4,88295,2502,14.4,178425,69,355,3109
2020/11/15,,,,1050,26,13.3,87439,2093,14,177006,76,376,3327
2020/11/16,,,,1570,25,13,86076,3275,13.7,172264,53,402,3473
2020/11/17,,,,1466,28,12.7,86073,3058,13.4,171435,56,335,3472
2020/11/18,,,,1335,34,12.1,86226,2583,12.8,171027,86,362,3417
2020/11/19,,,,1022,31,11.7,85285,2090,12.3,169711,80,345,3342
2020/11/20,,,,944,34,11.2,84398,1937,11.7,168735,70,350,3297
2020/11/21,,,,678,32,10.7,84319,1366,11.1,167594,79,280,3270
2020/11/22,,,,625,32,10.3,83553,1350,10.7,165980,71,275,3353
2020/11/23,,,,972,35,9.9,80940,2058,10.3,160371,81,309,3437
2020/11/24,,,,851,38,9.4,77760,1761,9.7,155485,81,275,3245
2020/11/25,,,,807,29,8.8,76246,1610,9.2,153475,66,264,3137
2020/11/26,,,,705,30,8.4,75880,1394,8.8,151803,64,263,3030
2020/11/27,,,,643,23,8,74860,1310,8.5,149414,67,236,2932
2020/11/28,,,,494,24,7.9,73935,1090,8.3,148322,65,220,2859
2020/11/29,,,,455,30,7.7,73237,1038,8.1,147389,56,246,2862
2020/11/30,,,,768,27,7.5,71793,1705,8,143281,56,242,2876
2020/12/1,,,,649,17,7.4,69888,1487,7.9,140955,37,241,2814
2020/12/2,,,,643,23,7.1,69879,1339,7.7,139888,65,231,2732
2020/12/3,,,,593,22,6.9,70361,1151,7.4,141665,69,246,2551
2020/12/4,,,,557,18,6.7,70713,1051,7.2,141174,77,198,2590
2020/12/5,,,,417,27,6.5,70624,877,7,141476,46,239,2498
2020/12/6,,,,511,17,6.6,70264,863,6.9,140488,63,226,2545
2020/12/7,,,,758,27,6.7,68474,1402,6.9,136703,56,256,2617
2020/12/8,,,,723,21,6.9,67554,1343,6.8,134800,55,248,2566
2020/12/9,,,,642,18,6.9,66569,1337,6.8,134812,58,248,2526
2020/12/10,,,,646,27,6.9,66802,1218,6.7,135462,53,214,2442
2020/12/11,,,,648,21,7,67480,1233,6.7,137350,63,238,2386
2020/12/12,,,,508,24,7.1,67782,950,6.7,138510,48,249,2309
2020/12/13,,,,572,20,7.1,67995,1027,6.8,139484,57,256,2353
2020/12/14,,,,907,28,7.3,67771,1721,7.1,138423,47,301,2483
2020/12/15,,,,897,22,7.6,67548,1492,7.1,138949,54,271,2482
2020/12/16,,,,820,15,7.8,68543,1228,7.1,138603,41,260,2505
2020/12/17,,,,647,24,7.6,69884,1173,7,139340,57,231,2494
2020/12/18,,,,782,37,7.7,70716,1451,7.1,140817,57,230,2396
2020/12/19,,,,605,33,7.7,72346,1018,7,143254,42,248,2413
2020/12/20,,,,757,30,7.7,74471,1415,7.1,147541,46,256,2464
2020/12/21,,,,1010,19,7.6,76581,1984,7.1,149694,48,272,2530
2020/12/22,,,,1140,31,7.7,78931,1867,7.3,152846,48,294,2496
2020/12/23,,,,1081,28,7.8,81063,1630,7.4,155350,51,250,2457
2020/12/24,,,,776,21,8.3,78206,1252,7.7,149996,37,192,2359
2020/12/25,,,,312,22,8.5,71414,590,7.9,136106,45,234,2233
2020/12/26,,,,976,35,9.2,69627,1659,8.6,133002,55,282,2257
2020/12/27,,,,1283,33,10,69448,1958,9.1,130595,57,298,2328
2020/12/28,,,,1433,36,11.9,62674,2120,10.4,114783,59,309,2437
2020/12/29,,,,2433,24,13.6,64724,3222,11.5,115397,59,363,2528
2020/12/30,,,,2277,24,14.5,69138,2947,12.2,119563,38,311,2573
2020/12/31,,,,1562,18,14.8,73210,2165,12.5,124604,43,300,2562
2021/1/1,,,,949,34,15,76775,1477,12.6,131070,64,338,2532
2021/1/2,,,,1764,20,15,82287,2736,12.7,139000,60,312,2624
2021/1/3,,,,1673,25,15.1,84513,2430,12.8,141648,46,335,2710
2021/1/4,,,,2290,25,14.9,91563,3467,12.8,153608,43,388,2828
2021/1/5,,,,1732,36,14.5,89971,2814,12.6,154984,42,378,2860
2021/1/6,,,,1506,26,13.7,89786,2575,12.1,158078,52,399,2865
2021/1/7,,,,1476,30,13,94264,2440,11.6,168091,54,453,2923
2021/1/8,,,,1150,33,12.3,101577,2093,11.1,181412,52,370,3217
2021/1/9,,,,1000,30,11.8,99691,1853,10.6,181341,47,407,2917
2021/1/10,,,,1059,35,11.3,97927,1745,10.4,179741,62,446,3228
2021/1/11,,,,1689,51,11,95148,2865,10.1,177036,50,466,3392
2021/1/12,,,,1432,35,11,92785,2511,10,174483,65,463,3429
2021/1/13,,,,1395,33,11.1,90865,2231,10,171307,64,393,3476
2021/1/14,,,,1227,37,10.9,89767,1202,9.7,162490,46,416,3455
2021/1/15,,,,1218,43,10.9,90635,1962,9.8,160065,76,416,3584
2021/1/16,,,,1011,33,11,90310,1696,9.8,158495,78,464,3567
2021/1/17,,,,946,33,11,89184,1644,9.9,156783,63,445,3604
2021/1/18,,,,1557,38,11.1,86993,2532,10.1,151082,54,462,3796
2021/1/19,,,,1257,58,11,85847,2268,10,149627,80,492,3830
2021/1/20,,,,1300,39,10.9,85812,2101,9.9,149563,69,472,3818
2021/1/21,,,,1114,35,10.7,86103,1823,10,155770,75,431,3814
2021/1/22,,,,968,45,10.4,85922,1659,9.7,156919,57,364,3793
2021/1/23,,,,735,27,10.1,85681,1337,9.5,156757,64,360,3732
2021/1/24,,,,720,42,9.9,84863,1326,9.3,155875,58,416,3732
2021/1/25,,,,1178,54,9.6,83121,1974,9.1,152197,56,345,3891
2021/1/26,,,,1074,37,9.4,82385,1749,8.8,150362,58,380,3841
2021/1/27,,,,978,38,9.1,81934,1817,8.7,149725,63,360,3654
2021/1/28,,,,946,39,8.9,81696,1597,8.5,149997,61,355,3593
2021/1/29,,,,877,43,8.8,81595,1488,8.3,150912,54,354,3521
2021/1/30,,,,756,30,8.8,81686,1230,8.2,151229,67,312,3484
2021/1/31,,,,736,39,8.8,81754,1265,8.2,150676,61,266,3506
2021/2/1,,,,1002,33,8.7,79869,1708,8.2,147594,62,334,3496
2021/2/2,,,,851,34,8.6,78561,1028,7.9,141920,53,308,3402
2021/2/3,,,,862,36,8.4,78579,1746,7.8,143445,61,333,3330
2021/2/4,,,,830,43,8.3,78432,1566,7.8,143886,57,301,3255
2021/2/5,,,,680,37,8,78545,1370,7.6,144807,61,254,3183
2021/2/6,,,,575,28,7.7,78315,1125,7.4,145728,41,274,3066
2021/2/7,,,,589,25,7.6,78050,1138,7.3,145990,35,250,3057
2021/2/8,,,,763,33,7.4,76009,1387,7.3,142151,37,264,3148
2021/2/9,,,,681,26,7.2,74923,1314,7.3,146606,37,272,2978
2021/2/10,,,,696,26,7,74715,1243,7,145310,55,242,2847
2021/2/11,,,,667,19,6.9,74212,1216,6.8,144166,55,217,2817
2021/2/12,,,,558,23,6.7,73820,1188,6.7,143599,48,240,2723
2021/2/13,,,,488,23,6.5,74879,915,6.5,143672,46,199,2589
2021/2/14,,,,475,21,6.3,75361,971,6.5,143243,44,214,2547
2021/2/15,,,,720,31,6.2,75527,1401,6.5,140849,36,225,2536
2021/2/16,,,,714,19,6.3,75587,1348,6.6,139916,32,222,2420
2021/2/17,,,,583,12,6.2,75435,1305,6.7,139346,37,197,2391
2021/2/18,,,,574,17,6,75396,1318,6.7,139945,38,214,2305
2021/2/19,,,,459,19,5.8,75806,1217,6.7,140272,39,167,2197
2021/2/20,,,,346,19,5.7,74638,949,6.6,141227,33,168,2155
2021/2/21,,,,406,17,5.7,73702,938,6.6,141480,43,163,2163
2021/2/22,,,,549,8,5.5,71881,1227,6.5,139737,22,194,2118
2021/2/23,,,,392,11,5.2,70372,1108,6.4,139403,27,172,2076
2021/2/24,,,,436,18,5,69601,1063,6.1,140445,30,145,1947
2021/2/25,,,,454,11,4.8,69034,926,5.9,138960,25,172,1894
2021/2/26,,,,365,11,4.6,69245,847,5.6,138830,24,159,1800
2021/2/27,,,,281,8,4.6,68781,614,5.4,138390,27,152,1736
2021/2/28,,,,253,12,4.4,68227,579,5.2,137208,31,132,1747
2021/3/1,,,,380,14,4.3,66052,969,5.1,133814,21,130,1742
2021/3/2,,,,319,8,4.1,66207,908,4.9,133923,16,121,1629
2021/3/3,,,,347,13,3.9,66623,856,4.7,133550,23,140,1552
2021/3/4,,,,298,7,3.7,65907,764,4.5,133027,15,121,1444
2021/3/5,,,,279,13,3.5,66716,780,4.5,133443,16,96,1380
2021/3/6,,,,242,5,3.3,67632,669,4.4,134414,23,108,1288
2021/3/7,,,,215,5,3.2,67636,563,4.4,134737,13,93,1248
2021/3/8,,,,347,9,3.2,66820,994,4.4,131968,17,101,1265
2021/3/9,,,,351,8,3.3,65032,976,4.4,131085,19,103,1221
2021/3/10,,,,323,7,3.2,65276,945,4.4,132236,16,102,1082
2021/3/11,,,,304,3,3.1,65957,918,4.5,132759,19,91,1077
2021/3/12,,,,293,9,3.1,66154,871,4.5,133892,13,84,1049
2021/3/13,,,,256,8,3.1,66333,664,4.4,135421,9,82,1003
2021/3/14,,,,200,3,3.1,66321,678,4.4,136067,12,69,993
2021/3/15,,,,321,2,3,66406,1034,4.5,135623,18,85,985
2021/3/16,,,,311,2,2.9,68414,909,4.3,137861,8,82,910
2021/3/17,,,,309,6,2.8,70050,943,4.2,141118,7,87,862
2021/3/18,,,,269,4,2.7,71052,886,4.2,143013,9,88,838
2021/3/19,,,,250,4,2.6,72987,884,4.1,145057,4,51,776
2021/3/20,,,,216,,2.5,73867,686,4.1,147037,,54,754
2021/3/21,,,,295,,2.5,74566,838,4.1,147505,,65,730
2021/3/22,,,,313,,2.6,74543,1120,4.3,145852,,57,737
2021/3/23,,,,151,,3,73638,950,4.3,146434,,74,675
2021/3/24,,,,153,,3.3,74352,984,4.3,146906,,69,637
2021/3/25,,,,218,,3.1,75334,878,4.3,147729,,68,616
2021/3/26,,,,205,,3.1,75356,737,4.2,147951,,68,625
2021/3/27,,,,204,,3,74696,609,4.2,146793,,47,780
2021/3/28,,,,267,,,,818,,,,43,601
2021/3/29,,,,212,,,,570,,,,53,608
2021/3/30,,,,159,,,,551,,,,,564
2021/3/31,,,,120,,,,231,,,,,514
